{
    "name": "root",
    "gauges": {
        "CubeAgent.Policy.Entropy.mean": {
            "value": 1.4171593189239502,
            "min": 1.416713833808899,
            "max": 1.4252362251281738,
            "count": 50
        },
        "CubeAgent.Policy.Entropy.sum": {
            "value": 2828.64990234375,
            "min": 2786.111328125,
            "max": 2895.102294921875,
            "count": 50
        },
        "CubeAgent.Environment.EpisodeLength.mean": {
            "value": 13.676470588235293,
            "min": 7.832599118942731,
            "max": 18.228571428571428,
            "count": 50
        },
        "CubeAgent.Environment.EpisodeLength.sum": {
            "value": 1860.0,
            "min": 1772.0,
            "max": 1944.0,
            "count": 50
        },
        "CubeAgent.Step.mean": {
            "value": 99994.0,
            "min": 1987.0,
            "max": 99994.0,
            "count": 50
        },
        "CubeAgent.Step.sum": {
            "value": 99994.0,
            "min": 1987.0,
            "max": 99994.0,
            "count": 50
        },
        "CubeAgent.Policy.ExtrinsicValueEstimate.mean": {
            "value": 0.18591798841953278,
            "min": -0.35028591752052307,
            "max": 0.2042173147201538,
            "count": 50
        },
        "CubeAgent.Policy.ExtrinsicValueEstimate.sum": {
            "value": 25.47076416015625,
            "min": -37.480594635009766,
            "max": 30.632596969604492,
            "count": 50
        },
        "CubeAgent.Environment.CumulativeReward.mean": {
            "value": 0.5147058823529411,
            "min": 0.14824120603015076,
            "max": 0.5714285714285714,
            "count": 50
        },
        "CubeAgent.Environment.CumulativeReward.sum": {
            "value": 70.0,
            "min": 24.5,
            "max": 87.0,
            "count": 50
        },
        "CubeAgent.Policy.ExtrinsicReward.mean": {
            "value": 0.5147058823529411,
            "min": 0.14824120603015076,
            "max": 0.5714285714285714,
            "count": 50
        },
        "CubeAgent.Policy.ExtrinsicReward.sum": {
            "value": 70.0,
            "min": 24.5,
            "max": 87.0,
            "count": 50
        },
        "CubeAgent.IsTraining.mean": {
            "value": 1.0,
            "min": 1.0,
            "max": 1.0,
            "count": 50
        },
        "CubeAgent.IsTraining.sum": {
            "value": 1.0,
            "min": 1.0,
            "max": 1.0,
            "count": 50
        },
        "CubeAgent.Losses.PolicyLoss.mean": {
            "value": 0.06174292692836995,
            "min": 0.05702286143787205,
            "max": 0.08587347390130162,
            "count": 48
        },
        "CubeAgent.Losses.PolicyLoss.sum": {
            "value": 0.06174292692836995,
            "min": 0.05702286143787205,
            "max": 0.08587347390130162,
            "count": 48
        },
        "CubeAgent.Losses.ValueLoss.mean": {
            "value": 0.029123221368839342,
            "min": 0.011666607926599681,
            "max": 0.06907519822319348,
            "count": 48
        },
        "CubeAgent.Losses.ValueLoss.sum": {
            "value": 0.029123221368839342,
            "min": 0.011666607926599681,
            "max": 0.06907519822319348,
            "count": 48
        },
        "CubeAgent.Policy.LearningRate.mean": {
            "value": 3.4830988390000024e-06,
            "min": 3.4830988390000024e-06,
            "max": 0.0002938470020509999,
            "count": 48
        },
        "CubeAgent.Policy.LearningRate.sum": {
            "value": 3.4830988390000024e-06,
            "min": 3.4830988390000024e-06,
            "max": 0.0002938470020509999,
            "count": 48
        },
        "CubeAgent.Policy.Epsilon.mean": {
            "value": 0.10116100000000001,
            "min": 0.10116100000000001,
            "max": 0.197949,
            "count": 48
        },
        "CubeAgent.Policy.Epsilon.sum": {
            "value": 0.10116100000000001,
            "min": 0.10116100000000001,
            "max": 0.197949,
            "count": 48
        },
        "CubeAgent.Policy.Beta.mean": {
            "value": 0.0005,
            "min": 0.0005,
            "max": 0.0005,
            "count": 48
        },
        "CubeAgent.Policy.Beta.sum": {
            "value": 0.0005,
            "min": 0.0005,
            "max": 0.0005,
            "count": 48
        }
    },
    "metadata": {
        "timer_format_version": "0.1.0",
        "start_time_seconds": "1680016929",
        "python_version": "3.9.13 (main, Aug 25 2022, 23:51:50) [MSC v.1916 64 bit (AMD64)]",
        "command_line_arguments": "C:\\Users\\niels\\anaconda3\\Scripts\\mlagents-learn config/CubeAgent.yaml --run-id=CubeAgent2 --force",
        "mlagents_version": "0.30.0",
        "mlagents_envs_version": "0.30.0",
        "communication_protocol_version": "1.5.0",
        "pytorch_version": "1.7.1+cu110",
        "numpy_version": "1.21.2",
        "end_time_seconds": "1680018602"
    },
    "total": 1673.4574427,
    "count": 1,
    "self": 0.014717199999950026,
    "children": {
        "run_training.setup": {
            "total": 0.25475570000000003,
            "count": 1,
            "self": 0.25475570000000003
        },
        "TrainerController.start_learning": {
            "total": 1673.1879698,
            "count": 1,
            "self": 2.389203699960717,
            "children": {
                "TrainerController._reset_env": {
                    "total": 11.541585099999999,
                    "count": 1,
                    "self": 11.541585099999999
                },
                "TrainerController.advance": {
                    "total": 1659.1136147000393,
                    "count": 107026,
                    "self": 2.2786702000487367,
                    "children": {
                        "env_step": {
                            "total": 1555.8798610000147,
                            "count": 107026,
                            "self": 1166.8152333000385,
                            "children": {
                                "SubprocessEnvManager._take_step": {
                                    "total": 387.5521906999618,
                                    "count": 107026,
                                    "self": 7.059061799957078,
                                    "children": {
                                        "TorchPolicy.evaluate": {
                                            "total": 380.4931289000047,
                                            "count": 100009,
                                            "self": 380.4931289000047
                                        }
                                    }
                                },
                                "workers": {
                                    "total": 1.5124370000143337,
                                    "count": 107026,
                                    "self": 0.0,
                                    "children": {
                                        "worker_root": {
                                            "total": 1661.1544239000175,
                                            "count": 107026,
                                            "is_parallel": true,
                                            "self": 593.0836678000214,
                                            "children": {
                                                "steps_from_proto": {
                                                    "total": 0.0011706000000000216,
                                                    "count": 1,
                                                    "is_parallel": true,
                                                    "self": 0.0001375000000010118,