{
    "name": "root",
    "gauges": {
        "CubeAgent.Policy.Entropy.mean": {
            "value": 1.360904574394226,
            "min": 1.360904574394226,
            "max": 1.4196937084197998,
            "count": 50
        },
        "CubeAgent.Policy.Entropy.sum": {
            "value": 2708.2001953125,
            "min": 2689.7392578125,
            "max": 2873.4599609375,
            "count": 50
        },
        "CubeAgent.Environment.EpisodeLength.mean": {
            "value": 20.170212765957448,
            "min": 19.0,
            "max": 31.758064516129032,
            "count": 50
        },
        "CubeAgent.Environment.EpisodeLength.sum": {
            "value": 1896.0,
            "min": 1852.0,
            "max": 1990.0,
            "count": 50
        },
        "CubeAgent.Step.mean": {
            "value": 99981.0,
            "min": 1979.0,
            "max": 99981.0,
            "count": 50
        },
        "CubeAgent.Step.sum": {
            "value": 99981.0,
            "min": 1979.0,
            "max": 99981.0,
            "count": 50
        },
        "CubeAgent.Policy.ExtrinsicValueEstimate.mean": {
            "value": 0.44861161708831787,
            "min": 0.1398215889930725,
            "max": 1.1226637363433838,
            "count": 50
        },
        "CubeAgent.Policy.ExtrinsicValueEstimate.sum": {
            "value": 43.51532745361328,
            "min": 13.003408432006836,
            "max": 105.53038787841797,
            "count": 50
        },
        "CubeAgent.Environment.CumulativeReward.mean": {
            "value": 0.7074468085106383,
            "min": 0.2222222222222222,
            "max": 0.7074468085106383,
            "count": 50
        },
        "CubeAgent.Environment.CumulativeReward.sum": {
            "value": 66.5,
            "min": 21.5,
            "max": 66.5,
            "count": 50
        },
        "CubeAgent.Policy.ExtrinsicReward.mean": {
            "value": 0.7074468085106383,
            "min": 0.2222222222222222,
            "max": 0.7074468085106383,
            "count": 50
        },
        "CubeAgent.Policy.ExtrinsicReward.sum": {
            "value": 66.5,
            "min": 21.5,
            "max": 66.5,
            "count": 50
        },
        "CubeAgent.IsTraining.mean": {
            "value": 1.0,
            "min": 1.0,
            "max": 1.0,
            "count": 50
        },
        "CubeAgent.IsTraining.sum": {
            "value": 1.0,
            "min": 1.0,
            "max": 1.0,
            "count": 50
        },
        "CubeAgent.Losses.PolicyLoss.mean": {
            "value": 0.06387058300121377,
            "min": 0.05418808948403845,
            "max": 0.08555190148763359,
            "count": 48
        },
        "CubeAgent.Losses.PolicyLoss.sum": {
            "value": 0.06387058300121377,
            "min": 0.05418808948403845,
            "max": 0.08555190148763359,
            "count": 48
        },
        "CubeAgent.Losses.ValueLoss.mean": {
            "value": 0.09225384052842855,
            "min": 0.04536867223214358,
            "max": 0.21410961619888744,
            "count": 48
        },
        "CubeAgent.Losses.ValueLoss.sum": {
            "value": 0.09225384052842855,
            "min": 0.04536867223214358,
            "max": 0.21410961619888744,
            "count": 48
        },
        "CubeAgent.Policy.LearningRate.mean": {
            "value": 2.3850992050000036e-06,
            "min": 2.3850992050000036e-06,
            "max": 0.0002938320020559999,
            "count": 48
        },
        "CubeAgent.Policy.LearningRate.sum": {
            "value": 2.3850992050000036e-06,
            "min": 2.3850992050000036e-06,
            "max": 0.0002938320020559999,
            "count": 48
        },
        "CubeAgent.Policy.Epsilon.mean": {
            "value": 0.10079500000000001,
            "min": 0.10079500000000001,
            "max": 0.197944,
            "count": 48
        },
        "CubeAgent.Policy.Epsilon.sum": {
            "value": 0.10079500000000001,
            "min": 0.10079500000000001,
            "max": 0.197944,
            "count": 48
        },
        "CubeAgent.Policy.Beta.mean": {
            "value": 0.0005,
            "min": 0.0005,
            "max": 0.0005,
            "count": 48
        },
        "CubeAgent.Policy.Beta.sum": {
            "value": 0.0005,
            "min": 0.0005,
            "max": 0.0005,
            "count": 48
        }
    },
    "metadata": {
        "timer_format_version": "0.1.0",
        "start_time_seconds": "1680018801",
        "python_version": "3.9.13 (main, Aug 25 2022, 23:51:50) [MSC v.1916 64 bit (AMD64)]",
        "command_line_arguments": "C:\\Users\\niels\\anaconda3\\Scripts\\mlagents-learn config/CubeAgent.yaml --run-id=CubeAgent3 --force",
        "mlagents_version": "0.30.0",
        "mlagents_envs_version": "0.30.0",
        "communication_protocol_version": "1.5.0",
        "pytorch_version": "1.7.1+cu110",
        "numpy_version": "1.21.2",
        "end_time_seconds": "1680020445"
    },
    "total": 1644.267463,
    "count": 1,
    "self": 0.009980799999766532,
    "children": {
        "run_training.setup": {
            "total": 0.2692781000000002,
            "count": 1,
            "self": 0.2692781000000002
        },
        "TrainerController.start_learning": {
            "total": 1643.9882041,
            "count": 1,
            "self": 2.296306099989124,
            "children": {
                "TrainerController._reset_env": {
                    "total": 12.537924199999999,
                    "count": 1,
                    "self": 12.537924199999999
                },
                "TrainerController.advance": {
                    "total": 1629.0666403000107,
                    "count": 103461,
                    "self": 2.1759759000556187,
                    "children": {
                        "env_step": {
                            "total": 1545.3500077999688,
                            "count": 103461,
                            "self": 1155.7014543999667,
                            "children": {
                                "SubprocessEnvManager._take_step": {
                                    "total": 388.23464930003405,
                                    "count": 103461,
                                    "self": 7.009659000042859,
                                    "children": {
                                        "TorchPolicy.evaluate": {
                                            "total": 381.2249902999912,
                                            "count": 100006,
                                            "self": 381.2249902999912
                                        }
                                    }
                                },
                                "workers": {
                                    "total": 1.4139040999679366,
                                    "count": 103461,
                                    "self": 0.0,
                                    "children": {
                                        "worker_root": {
                                            "total": 1629.8049774000128,
                                            "count": 103461,
                                            "is_parallel": true,
                                            "self": 570.4423275000163,
                                            "children": {
                                                "steps_from_proto": {
                                                    "total": 0.0003595000000000681,
                                                    "count": 1,
                                                    "is_parallel": true,
                                                    "self": 0.00012379999999900804,