{
    "name": "root",
    "gauges": {
        "CubeAgent.Policy.Entropy.mean": {
            "value": 1.3609596490859985,
            "min": 1.3609596490859985,
            "max": 1.4189382791519165,
            "count": 50
        },
        "CubeAgent.Policy.Entropy.sum": {
            "value": 2709.670654296875,
            "min": 2673.6953125,
            "max": 2853.43798828125,
            "count": 50
        },
        "CubeAgent.Environment.EpisodeLength.mean": {
            "value": 15.056451612903226,
            "min": 15.056451612903226,
            "max": 32.25,
            "count": 50
        },
        "CubeAgent.Environment.EpisodeLength.sum": {
            "value": 1867.0,
            "min": 1845.0,
            "max": 1996.0,
            "count": 50
        },
        "CubeAgent.Step.mean": {
            "value": 99968.0,
            "min": 1994.0,
            "max": 99968.0,
            "count": 50
        },
        "CubeAgent.Step.sum": {
            "value": 99968.0,
            "min": 1994.0,
            "max": 99968.0,
            "count": 50
        },
        "CubeAgent.Policy.ExtrinsicValueEstimate.mean": {
            "value": 0.5099894404411316,
            "min": -0.20430520176887512,
            "max": 0.5474241971969604,
            "count": 50
        },
        "CubeAgent.Policy.ExtrinsicValueEstimate.sum": {
            "value": 63.748680114746094,
            "min": -22.47357177734375,
            "max": 63.748680114746094,
            "count": 50
        },
        "CubeAgent.Environment.CumulativeReward.mean": {
            "value": 0.7338709677419355,
            "min": 0.13917525773195877,
            "max": 0.7589285714285714,
            "count": 50
        },
        "CubeAgent.Environment.CumulativeReward.sum": {
            "value": 91.0,
            "min": 13.5,
            "max": 91.0,
            "count": 50
        },
        "CubeAgent.Policy.ExtrinsicReward.mean": {
            "value": 0.7338709677419355,
            "min": 0.13917525773195877,
            "max": 0.7589285714285714,
            "count": 50
        },
        "CubeAgent.Policy.ExtrinsicReward.sum": {
            "value": 91.0,
            "min": 13.5,
            "max": 91.0,
            "count": 50
        },
        "CubeAgent.IsTraining.mean": {
            "value": 1.0,
            "min": 1.0,
            "max": 1.0,
            "count": 50
        },
        "CubeAgent.IsTraining.sum": {
            "value": 1.0,
            "min": 1.0,
            "max": 1.0,
            "count": 50
        },
        "CubeAgent.Losses.PolicyLoss.mean": {
            "value": 0.055640289230116956,
            "min": 0.054450622953784965,
            "max": 0.09115259364868204,
            "count": 48
        },
        "CubeAgent.Losses.PolicyLoss.sum": {
            "value": 0.055640289230116956,
            "min": 0.054450622953784965,
            "max": 0.09115259364868204,
            "count": 48
        },
        "CubeAgent.Losses.ValueLoss.mean": {
            "value": 0.08299536863341928,
            "min": 0.03307550734219452,
            "max": 0.09274799780299266,
            "count": 48
        },
        "CubeAgent.Losses.ValueLoss.sum": {
            "value": 0.08299536863341928,
            "min": 0.03307550734219452,
            "max": 0.09274799780299266,
            "count": 48
        },
        "CubeAgent.Policy.LearningRate.mean": {
            "value": 2.730099089999999e-06,
            "min": 2.730099089999999e-06,
            "max": 0.00029382600205799994,
            "count": 48
        },
        "CubeAgent.Policy.LearningRate.sum": {
            "value": 2.730099089999999e-06,
            "min": 2.730099089999999e-06,
            "max": 0.00029382600205799994,
            "count": 48
        },
        "CubeAgent.Policy.Epsilon.mean": {
            "value": 0.10091000000000001,
            "min": 0.10091000000000001,
            "max": 0.19794200000000003,
            "count": 48
        },
        "CubeAgent.Policy.Epsilon.sum": {
            "value": 0.10091000000000001,
            "min": 0.10091000000000001,
            "max": 0.19794200000000003,
            "count": 48
        },
        "CubeAgent.Policy.Beta.mean": {
            "value": 0.0005,
            "min": 0.0005,
            "max": 0.0005,
            "count": 48
        },
        "CubeAgent.Policy.Beta.sum": {
            "value": 0.0005,
            "min": 0.0005,
            "max": 0.0005,
            "count": 48
        }
    },
    "metadata": {
        "timer_format_version": "0.1.0",
        "start_time_seconds": "1680023379",
        "python_version": "3.9.13 (main, Aug 25 2022, 23:51:50) [MSC v.1916 64 bit (AMD64)]",
        "command_line_arguments": "C:\\Users\\niels\\anaconda3\\Scripts\\mlagents-learn config/CubeAgent.yaml --run-id=CubeAgent5 --force",
        "mlagents_version": "0.30.0",
        "mlagents_envs_version": "0.30.0",
        "communication_protocol_version": "1.5.0",
        "pytorch_version": "1.7.1+cu110",
        "numpy_version": "1.21.2",
        "end_time_seconds": "1680024921"
    },
    "total": 1541.7600541,
    "count": 1,
    "self": 0.020066500000211818,
    "children": {
        "run_training.setup": {
            "total": 0.27924550000000004,
            "count": 1,
            "self": 0.27924550000000004
        },
        "TrainerController.start_learning": {
            "total": 1541.4607420999998,
            "count": 1,
            "self": 2.3663927000081912,
            "children": {
                "TrainerController._reset_env": {
                    "total": 15.6300144,
                    "count": 1,
                    "self": 15.6300144
                },
                "TrainerController.advance": {
                    "total": 1523.3865514999916,
                    "count": 104097,
                    "self": 2.3694043999739733,
                    "children": {
                        "env_step": {
                            "total": 1437.1386452999836,
                            "count": 104097,
                            "self": 1085.623576499952,
                            "children": {
                                "SubprocessEnvManager._take_step": {
                                    "total": 350.059320999993,
                                    "count": 104097,
                                    "self": 6.883992700006104,
                                    "children": {
                                        "TorchPolicy.evaluate": {
                                            "total": 343.1753282999869,
                                            "count": 100003,
                                            "self": 343.1753282999869
                                        }
                                    }
                                },
                                "workers": {
                                    "total": 1.45574780003869,
                                    "count": 104097,
                                    "self": 0.0,
                                    "children": {
                                        "worker_root": {
                                            "total": 1524.1227008000062,
                                            "count": 104097,
                                            "is_parallel": true,
                                            "self": 535.3044008000159,
                                            "children": {
                                                "steps_from_proto": {
                                                    "total": 0.0003507999999996514,
                                                    "count": 1,
                                                    "is_parallel": true,
                                                    "self": 0.00011639999999779604,