{
    "name": "root",
    "gauges": {
        "CubeAgent.Policy.Entropy.mean": {
            "value": 1.375619649887085,
            "min": 1.375619649887085,
            "max": 1.421956181526184,
            "count": 50
        },
        "CubeAgent.Policy.Entropy.sum": {
            "value": 2762.244140625,
            "min": 2704.05859375,
            "max": 2867.67431640625,
            "count": 50
        },
        "CubeAgent.Environment.EpisodeLength.mean": {
            "value": 18.88118811881188,
            "min": 17.19090909090909,
            "max": 28.686567164179106,
            "count": 50
        },
        "CubeAgent.Environment.EpisodeLength.sum": {
            "value": 1907.0,
            "min": 1849.0,
            "max": 2002.0,
            "count": 50
        },
        "CubeAgent.Step.mean": {
            "value": 99998.0,
            "min": 1982.0,
            "max": 99998.0,
            "count": 50
        },
        "CubeAgent.Step.sum": {
            "value": 99998.0,
            "min": 1982.0,
            "max": 99998.0,
            "count": 50
        },
        "CubeAgent.Policy.ExtrinsicValueEstimate.mean": {
            "value": 0.4245959222316742,
            "min": -1.0769511461257935,
            "max": 0.42881760001182556,
            "count": 50
        },
        "CubeAgent.Policy.ExtrinsicValueEstimate.sum": {
            "value": 44.58257293701172,
            "min": -87.23303985595703,
            "max": 44.58257293701172,
            "count": 50
        },
        "CubeAgent.Environment.CumulativeReward.mean": {
            "value": 0.7277227722772277,
            "min": 0.21363636363636362,
            "max": 0.7277227722772277,
            "count": 50
        },
        "CubeAgent.Environment.CumulativeReward.sum": {
            "value": 73.5,
            "min": 15.5,
            "max": 73.5,
            "count": 50
        },
        "CubeAgent.Policy.ExtrinsicReward.mean": {
            "value": 0.7277227722772277,
            "min": 0.21363636363636362,
            "max": 0.7277227722772277,
            "count": 50
        },
        "CubeAgent.Policy.ExtrinsicReward.sum": {
            "value": 73.5,
            "min": 15.5,
            "max": 73.5,
            "count": 50
        },
        "CubeAgent.IsTraining.mean": {
            "value": 1.0,
            "min": 1.0,
            "max": 1.0,
            "count": 50
        },
        "CubeAgent.IsTraining.sum": {
            "value": 1.0,
            "min": 1.0,
            "max": 1.0,
            "count": 50
        },
        "CubeAgent.Losses.PolicyLoss.mean": {
            "value": 0.06157448427984491,
            "min": 0.05048013507621363,
            "max": 0.09053443077330788,
            "count": 48
        },
        "CubeAgent.Losses.PolicyLoss.sum": {
            "value": 0.06157448427984491,
            "min": 0.05048013507621363,
            "max": 0.09053443077330788,
            "count": 48
        },
        "CubeAgent.Losses.ValueLoss.mean": {
            "value": 0.08265797436858217,
            "min": 0.029535858775489032,
            "max": 0.20087647065520287,
            "count": 48
        },
        "CubeAgent.Losses.ValueLoss.sum": {
            "value": 0.08265797436858217,
            "min": 0.029535858775489032,
            "max": 0.20087647065520287,
            "count": 48
        },
        "CubeAgent.Policy.LearningRate.mean": {
            "value": 2.361099213000013e-06,
            "min": 2.361099213000013e-06,
            "max": 0.00029382600205799994,
            "count": 48
        },
        "CubeAgent.Policy.LearningRate.sum": {
            "value": 2.361099213000013e-06,
            "min": 2.361099213000013e-06,
            "max": 0.00029382600205799994,
            "count": 48
        },
        "CubeAgent.Policy.Epsilon.mean": {
            "value": 0.100787,
            "min": 0.100787,
            "max": 0.19794200000000003,
            "count": 48
        },
        "CubeAgent.Policy.Epsilon.sum": {
            "value": 0.100787,
            "min": 0.100787,
            "max": 0.19794200000000003,
            "count": 48
        },
        "CubeAgent.Policy.Beta.mean": {
            "value": 0.0005,
            "min": 0.0005,
            "max": 0.0005,
            "count": 48
        },
        "CubeAgent.Policy.Beta.sum": {
            "value": 0.0005,
            "min": 0.0005,
            "max": 0.0005,
            "count": 48
        }
    },
    "metadata": {
        "timer_format_version": "0.1.0",
        "start_time_seconds": "1679998541",
        "python_version": "3.9.13 (main, Aug 25 2022, 23:51:50) [MSC v.1916 64 bit (AMD64)]",
        "command_line_arguments": "C:\\Users\\niels\\anaconda3\\Scripts\\mlagents-learn config/CubeAgent.yaml --run-id=CubeAgent --force",
        "mlagents_version": "0.30.0",
        "mlagents_envs_version": "0.30.0",
        "communication_protocol_version": "1.5.0",
        "pytorch_version": "1.7.1+cu110",
        "numpy_version": "1.21.2",
        "end_time_seconds": "1680000201"
    },
    "total": 1659.5706523000001,
    "count": 1,
    "self": 0.010357900000144582,
    "children": {
        "run_training.setup": {
            "total": 0.26247770000000026,
            "count": 1,
            "self": 0.26247770000000026
        },
        "TrainerController.start_learning": {
            "total": 1659.2978166999999,
            "count": 1,
            "self": 2.4130091999918477,
            "children": {
                "TrainerController._reset_env": {
                    "total": 16.364691,
                    "count": 1,
                    "self": 16.364691
                },
                "TrainerController.advance": {
                    "total": 1640.4265303000082,
                    "count": 103848,
                    "self": 2.39119030002189,
                    "children": {
                        "env_step": {
                            "total": 1549.2123599999948,
                            "count": 103848,
                            "self": 1183.3050516999706,
                            "children": {
                                "SubprocessEnvManager._take_step": {
                                    "total": 364.37374469999855,
                                    "count": 103848,
                                    "self": 8.417043799999078,
                                    "children": {
                                        "TorchPolicy.evaluate": {
                                            "total": 355.9567008999995,
                                            "count": 100008,
                                            "self": 355.9567008999995
                                        }
                                    }
                                },
                                "workers": {
                                    "total": 1.5335636000256407,
                                    "count": 103848,
                                    "self": 0.0,
                                    "children": {
                                        "worker_root": {
                                            "total": 1641.2391007999947,
                                            "count": 103848,
                                            "is_parallel": true,
                                            "self": 563.8142519000066,
                                            "children": {
                                                "steps_from_proto": {
                                                    "total": 0.0004286999999987273,
                                                    "count": 1,
                                                    "is_parallel": true,
                                                    "self": 0.0001803999999996364,