{
    "name": "root",
    "gauges": {
        "CubeAgent.Policy.Entropy.mean": {
            "value": 2.0673434734344482,
            "min": 2.037865161895752,
            "max": 2.1120643615722656,
            "count": 10
        },
        "CubeAgent.Policy.Entropy.sum": {
            "value": 4763.1591796875,
            "min": 4695.2412109375,
            "max": 4866.1962890625,
            "count": 10
        },
        "CubeAgent.Environment.EpisodeLength.mean": {
            "value": 0.0,
            "min": 0.0,
            "max": 2.764705882352941,
            "count": 10
        },
        "CubeAgent.Environment.EpisodeLength.sum": {
            "value": 0.0,
            "min": 0.0,
            "max": 47.0,
            "count": 10
        },
        "CubeAgent.Step.mean": {
            "value": 21952.0,
            "min": 1984.0,
            "max": 21952.0,
            "count": 11
        },
        "CubeAgent.Step.sum": {
            "value": 21952.0,
            "min": 1984.0,
            "max": 21952.0,
            "count": 11
        },
        "CubeAgent.Policy.ExtrinsicValueEstimate.mean": {
            "value": 0.02293386682868004,
            "min": 0.004829504061490297,
            "max": 0.3192754089832306,
            "count": 11
        },
        "CubeAgent.Policy.ExtrinsicValueEstimate.sum": {
            "value": 2.1557834148406982,
            "min": 0.1497146189212799,
            "max": 15.00594425201416,
            "count": 11
        },
        "CubeAgent.Environment.CumulativeReward.mean": {
            "value": 0.0964843766996637,
            "min": 0.0964843766996637,
            "max": 0.15000000157777002,
            "count": 10
        },
        "CubeAgent.Environment.CumulativeReward.sum": {
            "value": 6.175000108778477,
            "min": 2.55000002682209,
            "max": 6.2250001057982445,
            "count": 10
        },
        "CubeAgent.Policy.ExtrinsicReward.mean": {
            "value": 0.0964843766996637,
            "min": 0.0964843766996637,
            "max": 0.15000000157777002,
            "count": 10
        },
        "CubeAgent.Policy.ExtrinsicReward.sum": {
            "value": 6.175000108778477,
            "min": 2.55000002682209,
            "max": 6.2250001057982445,
            "count": 10
        },
        "CubeAgent.IsTraining.mean": {
            "value": 1.0,
            "min": 1.0,
            "max": 1.0,
            "count": 11
        },
        "CubeAgent.IsTraining.sum": {
            "value": 1.0,
            "min": 1.0,
            "max": 1.0,
            "count": 11
        },
        "CubeAgent.Losses.PolicyLoss.mean": {
            "value": 0.08116909237233577,
            "min": 0.05672664065948791,
            "max": 0.08116909237233577,
            "count": 9
        },
        "CubeAgent.Losses.PolicyLoss.sum": {
            "value": 0.08116909237233577,
            "min": 0.05672664065948791,
            "max": 0.08116909237233577,
            "count": 9
        },
        "CubeAgent.Losses.ValueLoss.mean": {
            "value": 0.0003187213719852648,
            "min": 0.0003187213719852648,
            "max": 0.018648818419832323,
            "count": 9
        },
        "CubeAgent.Losses.ValueLoss.sum": {
            "value": 0.0003187213719852648,
            "min": 0.0003187213719852648,
            "max": 0.018648818419832323,
            "count": 9
        },
        "CubeAgent.Policy.LearningRate.mean": {
            "value": 7.926402073599997e-05,
            "min": 7.926402073599997e-05,
            "max": 9.769600230400006e-05,
            "count": 9
        },
        "CubeAgent.Policy.LearningRate.sum": {
            "value": 7.926402073599997e-05,
            "min": 7.926402073599997e-05,
            "max": 9.769600230400006e-05,
            "count": 9
        },
        "CubeAgent.Policy.Epsilon.mean": {
            "value": 0.179264,
            "min": 0.179264,
            "max": 0.19769600000000007,
            "count": 9
        },
        "CubeAgent.Policy.Epsilon.sum": {
            "value": 0.179264,
            "min": 0.179264,
            "max": 0.19769600000000007,
            "count": 9
        },
        "CubeAgent.Policy.Beta.mean": {
            "value": 0.0005,
            "min": 0.0005,
            "max": 0.0005,
            "count": 9
        },
        "CubeAgent.Policy.Beta.sum": {
            "value": 0.0005,
            "min": 0.0005,
            "max": 0.0005,
            "count": 9
        }
    },
    "metadata": {
        "timer_format_version": "0.1.0",
        "start_time_seconds": "1681929529",
        "python_version": "3.9.13 (main, Aug 25 2022, 23:51:50) [MSC v.1916 64 bit (AMD64)]",
        "command_line_arguments": "D:\\VR\\Scripts\\mlagents-learn config/CubeAgent.yaml --run-id=CubeAgent --force",
        "mlagents_version": "0.30.0",
        "mlagents_envs_version": "0.30.0",
        "communication_protocol_version": "1.5.0",
        "pytorch_version": "1.7.1+cu110",
        "numpy_version": "1.21.2",
        "end_time_seconds": "1681929637"
    },
    "total": 108.3840644,
    "count": 1,
    "self": 0.005891099999985272,
    "children": {
        "run_training.setup": {
            "total": 0.12461140000000026,
            "count": 1,
            "self": 0.12461140000000026
        },
        "TrainerController.start_learning": {
            "total": 108.25356190000001,
            "count": 1,
            "self": 0.0298296000000704,
            "children": {
                "TrainerController._reset_env": {
                    "total": 10.7046279,
                    "count": 1,
                    "self": 10.7046279
                },
                "TrainerController.advance": {
                    "total": 97.34866239999994,
                    "count": 1303,
                    "self": 0.027480199999899924,
                    "children": {
                        "env_step": {
                            "total": 83.05283320000004,
                            "count": 1303,
                            "self": 78.47818200000005,
                            "children": {
                                "SubprocessEnvManager._take_step": {
                                    "total": 4.558614299999988,
                                    "count": 1303,
                                    "self": 0.05564819999992743,
                                    "children": {
                                        "TorchPolicy.evaluate": {
                                            "total": 4.5029661000000605,
                                            "count": 676,
                                            "self": 4.5029661000000605
                                        }
                                    }
                                },
                                "workers": {
                                    "total": 0.016036899999999576,
                                    "count": 1302,
                                    "self": 0.0,
                                    "children": {
                                        "worker_root": {
                                            "total": 37.193723299999924,
                                            "count": 1302,
                                            "is_parallel": true,
                                            "self": 22.637153199999794,
                                            "children": {
                                                "steps_from_proto": {
                                                    "total": 0.0007520999999997002,
                                                    "count": 1,
                                                    "is_parallel": true,
                                                    "self": 0.00024269999999937397,