{
    "name": "root",
    "gauges": {
        "CubeAgent.Policy.Entropy.mean": {
            "value": 1.3946832418441772,
            "min": 1.3946832418441772,
            "max": 1.4362897872924805,
            "count": 50
        },
        "CubeAgent.Policy.Entropy.sum": {
            "value": 2796.33984375,
            "min": 2773.340576171875,
            "max": 2937.21923828125,
            "count": 50
        },
        "CubeAgent.Environment.EpisodeLength.mean": {
            "value": 6.4535315985130115,
            "min": 5.5625,
            "max": 18.607843137254903,
            "count": 50
        },
        "CubeAgent.Environment.EpisodeLength.sum": {
            "value": 1736.0,
            "min": 1691.0,
            "max": 1915.0,
            "count": 50
        },
        "CubeAgent.Step.mean": {
            "value": 99999.0,
            "min": 1998.0,
            "max": 99999.0,
            "count": 50
        },
        "CubeAgent.Step.sum": {
            "value": 99999.0,
            "min": 1998.0,
            "max": 99999.0,
            "count": 50
        },
        "CubeAgent.Policy.ExtrinsicValueEstimate.mean": {
            "value": 0.3379855155944824,
            "min": 0.010744530707597733,
            "max": 0.3493921458721161,
            "count": 50
        },
        "CubeAgent.Policy.ExtrinsicValueEstimate.sum": {
            "value": 90.91810607910156,
            "min": 1.3108327388763428,
            "max": 102.46204376220703,
            "count": 50
        },
        "CubeAgent.Environment.CumulativeReward.mean": {
            "value": 0.7379182156133829,
            "min": 0.19672131147540983,
            "max": 0.7697368421052632,
            "count": 50
        },
        "CubeAgent.Environment.CumulativeReward.sum": {
            "value": 198.5,
            "min": 23.0,
            "max": 234.0,
            "count": 50
        },
        "CubeAgent.Policy.ExtrinsicReward.mean": {
            "value": 0.7379182156133829,
            "min": 0.19672131147540983,
            "max": 0.7697368421052632,
            "count": 50
        },
        "CubeAgent.Policy.ExtrinsicReward.sum": {
            "value": 198.5,
            "min": 23.0,
            "max": 234.0,
            "count": 50
        },
        "CubeAgent.IsTraining.mean": {
            "value": 1.0,
            "min": 1.0,
            "max": 1.0,
            "count": 50
        },
        "CubeAgent.IsTraining.sum": {
            "value": 1.0,
            "min": 1.0,
            "max": 1.0,
            "count": 50
        },
        "CubeAgent.Losses.PolicyLoss.mean": {
            "value": 0.06112450349610299,
            "min": 0.05444239303081607,
            "max": 0.08811436733230948,
            "count": 48
        },
        "CubeAgent.Losses.PolicyLoss.sum": {
            "value": 0.06112450349610299,
            "min": 0.05444239303081607,
            "max": 0.08811436733230948,
            "count": 48
        },
        "CubeAgent.Losses.ValueLoss.mean": {
            "value": 0.04139479536873599,
            "min": 0.013502896671222212,
            "max": 0.045790287821243204,
            "count": 48
        },
        "CubeAgent.Losses.ValueLoss.sum": {
            "value": 0.04139479536873599,
            "min": 0.013502896671222212,
            "max": 0.045790287821243204,
            "count": 48
        },
        "CubeAgent.Policy.LearningRate.mean": {
            "value": 3.375098874999995e-06,
            "min": 3.375098874999995e-06,
            "max": 0.00029379000207,
            "count": 48
        },
        "CubeAgent.Policy.LearningRate.sum": {
            "value": 3.375098874999995e-06,
            "min": 3.375098874999995e-06,
            "max": 0.00029379000207,
            "count": 48
        },
        "CubeAgent.Policy.Epsilon.mean": {
            "value": 0.101125,
            "min": 0.101125,
            "max": 0.19792999999999997,
            "count": 48
        },
        "CubeAgent.Policy.Epsilon.sum": {
            "value": 0.101125,
            "min": 0.101125,
            "max": 0.19792999999999997,
            "count": 48
        },
        "CubeAgent.Policy.Beta.mean": {
            "value": 0.0005,
            "min": 0.0005,
            "max": 0.0005,
            "count": 48
        },
        "CubeAgent.Policy.Beta.sum": {
            "value": 0.0005,
            "min": 0.0005,
            "max": 0.0005,
            "count": 48
        }
    },
    "metadata": {
        "timer_format_version": "0.1.0",
        "start_time_seconds": "1680021424",
        "python_version": "3.9.13 (main, Aug 25 2022, 23:51:50) [MSC v.1916 64 bit (AMD64)]",
        "command_line_arguments": "C:\\Users\\niels\\anaconda3\\Scripts\\mlagents-learn config/CubeAgent.yaml --run-id=CubeAgent4 --force",
        "mlagents_version": "0.30.0",
        "mlagents_envs_version": "0.30.0",
        "communication_protocol_version": "1.5.0",
        "pytorch_version": "1.7.1+cu110",
        "numpy_version": "1.21.2",
        "end_time_seconds": "1680023142"
    },
    "total": 1718.0183656,
    "count": 1,
    "self": 0.010146299999860275,
    "children": {
        "run_training.setup": {
            "total": 0.2710866999999997,
            "count": 1,
            "self": 0.2710866999999997
        },
        "TrainerController.start_learning": {
            "total": 1717.7371326,
            "count": 1,
            "self": 2.4686282000259325,
            "children": {
                "TrainerController._reset_env": {
                    "total": 20.602207,
                    "count": 1,
                    "self": 20.602207
                },
                "TrainerController.advance": {
                    "total": 1694.574353799974,
                    "count": 108105,
                    "self": 2.3103178999558622,
                    "children": {
                        "env_step": {
                            "total": 1578.2928629000155,
                            "count": 108105,
                            "self": 1177.441134100046,
                            "children": {
                                "SubprocessEnvManager._take_step": {
                                    "total": 399.32524269997396,
                                    "count": 108105,
                                    "self": 7.434938299945884,
                                    "children": {
                                        "TorchPolicy.evaluate": {
                                            "total": 391.89030440002807,
                                            "count": 100008,
                                            "self": 391.89030440002807
                                        }
                                    }
                                },
                                "workers": {
                                    "total": 1.5264860999957008,
                                    "count": 108105,
                                    "self": 0.0,
                                    "children": {
                                        "worker_root": {
                                            "total": 1695.3270182999734,
                                            "count": 108105,
                                            "is_parallel": true,
                                            "self": 622.7847219999746,
                                            "children": {
                                                "steps_from_proto": {
                                                    "total": 0.00035559999999890124,
                                                    "count": 1,
                                                    "is_parallel": true,
                                                    "self": 0.00013479999999788106,